Metric,Value
CAGR,0.10049704132343629
Sharpe,0.5583772565961453
MDD,-0.5687785611210227
Turnover(mean),0.010278713962836227
