Metric,Value
CAGR,0.09542803331671523
Sharpe,0.5342714862570896
MDD,-0.6068332194862895
Turnover(mean),0.04333749683282949
