Metric,Value
CAGR,0.01810332953618654
Sharpe,0.19237985503052452
MDD,-0.6250825627205212
Turnover(mean),0.050596647618015855
